Precision@10,Recall@10,Coverage
0.6806375442739079,0.14812782903338606,0.3424850696748507
